"dressAttire","type"
"001_Janis Corona©KaoriSuzuki.jpg","work shirt"
"002_Janis Corona©KaoriSuzuki.jpg","work shirt"
"097_Janis Corona©KaoriSuzuki.jpg","work shirt"
"098_Janis Corona©KaoriSuzuki.jpg","work shirt"
"099_Janis Corona©KaoriSuzuki.jpg","work shirt"
"100_Janis Corona©KaoriSuzuki.jpg","work shirt"
"101_Janis Corona©KaoriSuzuki.jpg","work shirt"
"102_Janis Corona©KaoriSuzuki.jpg","work shirt"
"103_Janis Corona©KaoriSuzuki.jpg","work shirt"
"104_Janis Corona©KaoriSuzuki.jpg","work shirt"
"105_Janis Corona©KaoriSuzuki.jpg","work shirt"
"106_Janis Corona©KaoriSuzuki.jpg","work shirt"
"107_Janis Corona©KaoriSuzuki.jpg","work shirt"
"108_Janis Corona©KaoriSuzuki.jpg","work shirt"
"109_Janis Corona©KaoriSuzuki.jpg","work shirt"
"110_Janis Corona©KaoriSuzuki.jpg","work shirt"
"111_Janis Corona©KaoriSuzuki.jpg","work shirt"
"112_Janis Corona©KaoriSuzuki.jpg","work shirt"
"113_Janis Corona©KaoriSuzuki.jpg","work shirt"
"114_Janis Corona©KaoriSuzuki.jpg","work shirt"
"115_Janis Corona©KaoriSuzuki.jpg","work shirt"
"279_Janis Corona©KaoriSuzuki.jpg","work shirt"
"280_Janis Corona©KaoriSuzuki.jpg","work shirt"
"281_Janis Corona©KaoriSuzuki.jpg","work shirt"
"282_Janis Corona©KaoriSuzuki.jpg","work shirt"
"283_Janis Corona©KaoriSuzuki.jpg","work shirt"
"284_Janis Corona©KaoriSuzuki.jpg","work shirt"
"285_Janis Corona©KaoriSuzuki.jpg","work shirt"
"286_Janis Corona©KaoriSuzuki.jpg","work shirt"
"287_Janis Corona©KaoriSuzuki.jpg","work shirt"
"288_Janis Corona©KaoriSuzuki.jpg","work shirt"
"289_Janis Corona©KaoriSuzuki.jpg","work shirt"
"290_Janis Corona©KaoriSuzuki.jpg","work shirt"
"291_Janis Corona©KaoriSuzuki.jpg","work shirt"
"292_Janis Corona©KaoriSuzuki.jpg","work shirt"
"293_Janis Corona©KaoriSuzuki.jpg","work shirt"
"294_Janis Corona©KaoriSuzuki.jpg","work shirt"
"295_Janis Corona©KaoriSuzuki.jpg","work shirt"
"296_Janis Corona©KaoriSuzuki.jpg","work shirt"
"297_Janis Corona©KaoriSuzuki.jpg","work shirt"
"298_Janis Corona©KaoriSuzuki.jpg","work shirt"
"299_Janis Corona©KaoriSuzuki.jpg","work shirt"
"300_Janis Corona©KaoriSuzuki.jpg","work shirt"
"301_Janis Corona©KaoriSuzuki.jpg","work shirt"
"302_Janis Corona©KaoriSuzuki.jpg","work shirt"
"303_Janis Corona©KaoriSuzuki.jpg","work shirt"
"304_Janis Corona©KaoriSuzuki.jpg","work shirt"
"305_Janis Corona©KaoriSuzuki.jpg","work shirt"
"306_Janis Corona©KaoriSuzuki.jpg","work shirt"
"307_Janis Corona©KaoriSuzuki.jpg","work shirt"
"308_Janis Corona©KaoriSuzuki.jpg","work shirt"
"309_Janis Corona©KaoriSuzuki.jpg","work shirt"
"310_Janis Corona©KaoriSuzuki.jpg","work shirt"
"311_Janis Corona©KaoriSuzuki.jpg","work shirt"
"312_Janis Corona©KaoriSuzuki.jpg","work shirt"
"313_Janis Corona©KaoriSuzuki.jpg","work shirt"
"314_Janis Corona©KaoriSuzuki.jpg","work shirt"
"315_Janis Corona©KaoriSuzuki.jpg","work shirt"
"032_Janis Corona©KaoriSuzuki.jpg","dressy"
"033_Janis Corona©KaoriSuzuki.jpg","dressy"
"034_Janis Corona©KaoriSuzuki.jpg","dressy"
"035_Janis Corona©KaoriSuzuki.jpg","dressy"
"036_Janis Corona©KaoriSuzuki.jpg","dressy"
"037_Janis Corona©KaoriSuzuki.jpg","dressy"
"038_Janis Corona©KaoriSuzuki.jpg","dressy"
"039_Janis Corona©KaoriSuzuki.jpg","dressy"
"040_Janis Corona©KaoriSuzuki.jpg","dressy"
"041_Janis Corona©KaoriSuzuki.jpg","dressy"
"042_Janis Corona©KaoriSuzuki.jpg","dressy"
"043_Janis Corona©KaoriSuzuki.jpg","dressy"
"044_Janis Corona©KaoriSuzuki.jpg","dressy"
"045_Janis Corona©KaoriSuzuki.jpg","dressy"
"046_Janis Corona©KaoriSuzuki.jpg","dressy"
"047_Janis Corona©KaoriSuzuki.jpg","dressy"
"048_Janis Corona©KaoriSuzuki.jpg","dressy"
"049_Janis Corona©KaoriSuzuki.jpg","dressy"
"050_Janis Corona©KaoriSuzuki.jpg","dressy"
"051_Janis Corona©KaoriSuzuki.jpg","dressy"
"052_Janis Corona©KaoriSuzuki.jpg","dressy"
"053_Janis Corona©KaoriSuzuki.jpg","dressy"
"054_Janis Corona©KaoriSuzuki.jpg","dressy"
"055_Janis Corona©KaoriSuzuki.jpg","dressy"
"056_Janis Corona©KaoriSuzuki.jpg","dressy"
"057_Janis Corona©KaoriSuzuki.jpg","dressy"
"058_Janis Corona©KaoriSuzuki.jpg","dressy"
"059_Janis Corona©KaoriSuzuki.jpg","dressy"
"060_Janis Corona©KaoriSuzuki.jpg","dressy"
"061_Janis Corona©KaoriSuzuki.jpg","dressy"
"062_Janis Corona©KaoriSuzuki.jpg","dressy"
"063_Janis Corona©KaoriSuzuki.jpg","dressy"
"064_Janis Corona©KaoriSuzuki.jpg","dressy"
"065_Janis Corona©KaoriSuzuki.jpg","dressy"
"066_Janis Corona©KaoriSuzuki.jpg","dressy"
"067_Janis Corona©KaoriSuzuki.jpg","dressy"
"068_Janis Corona©KaoriSuzuki.jpg","dressy"
"069_Janis Corona©KaoriSuzuki.jpg","dressy"
"070_Janis Corona©KaoriSuzuki.jpg","dressy"
"137_Janis Corona©KaoriSuzuki.jpg","dressy"
"138_Janis Corona©KaoriSuzuki.jpg","dressy"
"139_Janis Corona©KaoriSuzuki.jpg","dressy"
"140_Janis Corona©KaoriSuzuki.jpg","dressy"
"141_Janis Corona©KaoriSuzuki.jpg","dressy"
"142_Janis Corona©KaoriSuzuki.jpg","dressy"
"143_Janis Corona©KaoriSuzuki.jpg","dressy"
"144_Janis Corona©KaoriSuzuki.jpg","dressy"
"145_Janis Corona©KaoriSuzuki.jpg","dressy"
"146_Janis Corona©KaoriSuzuki.jpg","dressy"
"147_Janis Corona©KaoriSuzuki.jpg","dressy"
"148_Janis Corona©KaoriSuzuki.jpg","dressy"
"149_Janis Corona©KaoriSuzuki.jpg","dressy"
"150_Janis Corona©KaoriSuzuki.jpg","dressy"
"151_Janis Corona©KaoriSuzuki.jpg","dressy"
"152_Janis Corona©KaoriSuzuki.jpg","dressy"
"153_Janis Corona©KaoriSuzuki.jpg","dressy"
"154_Janis Corona©KaoriSuzuki.jpg","dressy"
"155_Janis Corona©KaoriSuzuki.jpg","dressy"
"156_Janis Corona©KaoriSuzuki.jpg","dressy"
"157_Janis Corona©KaoriSuzuki.jpg","dressy"
"158_Janis Corona©KaoriSuzuki.jpg","dressy"
"159_Janis Corona©KaoriSuzuki.jpg","dressy"
"160_Janis Corona©KaoriSuzuki.jpg","dressy"
"161_Janis Corona©KaoriSuzuki.jpg","dressy"
"162_Janis Corona©KaoriSuzuki.jpg","dressy"
"163_Janis Corona©KaoriSuzuki.jpg","dressy"
"164_Janis Corona©KaoriSuzuki.jpg","dressy"
"165_Janis Corona©KaoriSuzuki.jpg","dressy"
"166_Janis Corona©KaoriSuzuki.jpg","dressy"
"167_Janis Corona©KaoriSuzuki.jpg","dressy"
"168_Janis Corona©KaoriSuzuki.jpg","dressy"
"169_Janis Corona©KaoriSuzuki.jpg","dressy"
"170_Janis Corona©KaoriSuzuki.jpg","dressy"
"171_Janis Corona©KaoriSuzuki.jpg","dressy"
"203_Janis Corona©KaoriSuzuki.jpg","dressy"
"204_Janis Corona©KaoriSuzuki.jpg","dressy"
"205_Janis Corona©KaoriSuzuki.jpg","dressy"
"206_Janis Corona©KaoriSuzuki.jpg","dressy"
"207_Janis Corona©KaoriSuzuki.jpg","dressy"
"208_Janis Corona©KaoriSuzuki.jpg","dressy"
"209_Janis Corona©KaoriSuzuki.jpg","dressy"
"210_Janis Corona©KaoriSuzuki.jpg","dressy"
"211_Janis Corona©KaoriSuzuki.jpg","dressy"
"212_Janis Corona©KaoriSuzuki.jpg","dressy"
"213_Janis Corona©KaoriSuzuki.jpg","dressy"
"214_Janis Corona©KaoriSuzuki.jpg","dressy"
"215_Janis Corona©KaoriSuzuki.jpg","dressy"
"216_Janis Corona©KaoriSuzuki.jpg","dressy"
"217_Janis Corona©KaoriSuzuki.jpg","dressy"
"218_Janis Corona©KaoriSuzuki.jpg","dressy"
"219_Janis Corona©KaoriSuzuki.jpg","dressy"
"220_Janis Corona©KaoriSuzuki.jpg","dressy"
"221_Janis Corona©KaoriSuzuki.jpg","dressy"
"222_Janis Corona©KaoriSuzuki.jpg","dressy"
"223_Janis Corona©KaoriSuzuki.jpg","dressy"
"224_Janis Corona©KaoriSuzuki.jpg","dressy"
"225_Janis Corona©KaoriSuzuki.jpg","dressy"
"226_Janis Corona©KaoriSuzuki.jpg","dressy"
"227_Janis Corona©KaoriSuzuki.jpg","dressy"
"228_Janis Corona©KaoriSuzuki.jpg","dressy"
"229_Janis Corona©KaoriSuzuki.jpg","dressy"
"230_Janis Corona©KaoriSuzuki.jpg","dressy"
"231_Janis Corona©KaoriSuzuki.jpg","dressy"
"232_Janis Corona©KaoriSuzuki.jpg","dressy"
"233_Janis Corona©KaoriSuzuki.jpg","dressy"
"234_Janis Corona©KaoriSuzuki.jpg","dressy"
"235_Janis Corona©KaoriSuzuki.jpg","dressy"
"236_Janis Corona©KaoriSuzuki.jpg","dressy"
"339_Janis Corona©KaoriSuzuki.jpg","dressy"
"340_Janis Corona©KaoriSuzuki.jpg","dressy"
"341_Janis Corona©KaoriSuzuki.jpg","dressy"
"342_Janis Corona©KaoriSuzuki.jpg","dressy"
"343_Janis Corona©KaoriSuzuki.jpg","dressy"
"344_Janis Corona©KaoriSuzuki.jpg","dressy"
"345_Janis Corona©KaoriSuzuki.jpg","dressy"
"346_Janis Corona©KaoriSuzuki.jpg","dressy"
"347_Janis Corona©KaoriSuzuki.jpg","dressy"
"348_Janis Corona©KaoriSuzuki.jpg","dressy"
"349_Janis Corona©KaoriSuzuki.jpg","dressy"
"350_Janis Corona©KaoriSuzuki.jpg","dressy"
"351_Janis Corona©KaoriSuzuki.jpg","dressy"
"352_Janis Corona©KaoriSuzuki.jpg","dressy"
"353_Janis Corona©KaoriSuzuki.jpg","dressy"
"354_Janis Corona©KaoriSuzuki.jpg","dressy"
"355_Janis Corona©KaoriSuzuki.jpg","dressy"
"356_Janis Corona©KaoriSuzuki.jpg","dressy"
"357_Janis Corona©KaoriSuzuki.jpg","dressy"
"358_Janis Corona©KaoriSuzuki.jpg","dressy"
"359_Janis Corona©KaoriSuzuki.jpg","dressy"
"360_Janis Corona©KaoriSuzuki.jpg","dressy"
"361_Janis Corona©KaoriSuzuki.jpg","dressy"
"362_Janis Corona©KaoriSuzuki.jpg","dressy"
"363_Janis Corona©KaoriSuzuki.jpg","dressy"
"364_Janis Corona©KaoriSuzuki.jpg","dressy"
"365_Janis Corona©KaoriSuzuki.jpg","dressy"
"366_Janis Corona©KaoriSuzuki.jpg","dressy"
"367_Janis Corona©KaoriSuzuki.jpg","dressy"
"368_Janis Corona©KaoriSuzuki.jpg","dressy"
"369_Janis Corona©KaoriSuzuki.jpg","dressy"
"370_Janis Corona©KaoriSuzuki.jpg","dressy"
"371_Janis Corona©KaoriSuzuki.jpg","dressy"
"372_Janis Corona©KaoriSuzuki.jpg","dressy"
"373_Janis Corona©KaoriSuzuki.jpg","dressy"
"374_Janis Corona©KaoriSuzuki.jpg","dressy"
"375_Janis Corona©KaoriSuzuki.jpg","dressy"
"376_Janis Corona©KaoriSuzuki.jpg","dressy"
"377_Janis Corona©KaoriSuzuki.jpg","dressy"
"378_Janis Corona©KaoriSuzuki.jpg","dressy"
"379_Janis Corona©KaoriSuzuki.jpg","dressy"
"380_Janis Corona©KaoriSuzuki.jpg","dressy"
"381_Janis Corona©KaoriSuzuki.jpg","dressy"
"382_Janis Corona©KaoriSuzuki.jpg","dressy"
"383_Janis Corona©KaoriSuzuki.jpg","dressy"
"384_Janis Corona©KaoriSuzuki.jpg","dressy"
"385_Janis Corona©KaoriSuzuki.jpg","dressy"
"386_Janis Corona©KaoriSuzuki.jpg","dressy"
"387_Janis Corona©KaoriSuzuki.jpg","dressy"
"388_Janis Corona©KaoriSuzuki.jpg","dressy"
"389_Janis Corona©KaoriSuzuki.jpg","dressy"
"390_Janis Corona©KaoriSuzuki.jpg","dressy"
"003_Janis Corona©KaoriSuzuki.jpg","suit"
"004_Janis Corona©KaoriSuzuki.jpg","suit"
"005_Janis Corona©KaoriSuzuki.jpg","suit"
"006_Janis Corona©KaoriSuzuki.jpg","suit"
"007_Janis Corona©KaoriSuzuki.jpg","suit"
"008_Janis Corona©KaoriSuzuki.jpg","suit"
"009_Janis Corona©KaoriSuzuki.jpg","suit"
"010_Janis Corona©KaoriSuzuki.jpg","suit"
"011_Janis Corona©KaoriSuzuki.jpg","suit"
"012_Janis Corona©KaoriSuzuki.jpg","suit"
"013_Janis Corona©KaoriSuzuki.jpg","suit"
"014_Janis Corona©KaoriSuzuki.jpg","suit"
"015_Janis Corona©KaoriSuzuki.jpg","suit"
"016_Janis Corona©KaoriSuzuki.jpg","suit"
"017_Janis Corona©KaoriSuzuki.jpg","suit"
"018_Janis Corona©KaoriSuzuki.jpg","suit"
"019_Janis Corona©KaoriSuzuki.jpg","suit"
"020_Janis Corona©KaoriSuzuki.jpg","suit"
"021_Janis Corona©KaoriSuzuki.jpg","suit"
"022_Janis Corona©KaoriSuzuki.jpg","suit"
"023_Janis Corona©KaoriSuzuki.jpg","suit"
"024_Janis Corona©KaoriSuzuki.jpg","suit"
"025_Janis Corona©KaoriSuzuki.jpg","suit"
"026_Janis Corona©KaoriSuzuki.jpg","suit"
"027_Janis Corona©KaoriSuzuki.jpg","suit"
"028_Janis Corona©KaoriSuzuki.jpg","suit"
"029_Janis Corona©KaoriSuzuki.jpg","suit"
"030_Janis Corona©KaoriSuzuki.jpg","suit"
"031_Janis Corona©KaoriSuzuki.jpg","suit"
"071_Janis Corona©KaoriSuzuki.jpg","suit"
"072_Janis Corona©KaoriSuzuki.jpg","suit"
"073_Janis Corona©KaoriSuzuki.jpg","suit"
"074_Janis Corona©KaoriSuzuki.jpg","suit"
"075_Janis Corona©KaoriSuzuki.jpg","suit"
"076_Janis Corona©KaoriSuzuki.jpg","suit"
"077_Janis Corona©KaoriSuzuki.jpg","suit"
"078_Janis Corona©KaoriSuzuki.jpg","suit"
"079_Janis Corona©KaoriSuzuki.jpg","suit"
"080_Janis Corona©KaoriSuzuki.jpg","suit"
"081_Janis Corona©KaoriSuzuki.jpg","suit"
"082_Janis Corona©KaoriSuzuki.jpg","suit"
"083_Janis Corona©KaoriSuzuki.jpg","suit"
"084_Janis Corona©KaoriSuzuki.jpg","suit"
"085_Janis Corona©KaoriSuzuki.jpg","suit"
"086_Janis Corona©KaoriSuzuki.jpg","suit"
"087_Janis Corona©KaoriSuzuki.jpg","suit"
"088_Janis Corona©KaoriSuzuki.jpg","suit"
"089_Janis Corona©KaoriSuzuki.jpg","suit"
"090_Janis Corona©KaoriSuzuki.jpg","suit"
"091_Janis Corona©KaoriSuzuki.jpg","suit"
"092_Janis Corona©KaoriSuzuki.jpg","suit"
"093_Janis Corona©KaoriSuzuki.jpg","suit"
"094_Janis Corona©KaoriSuzuki.jpg","suit"
"095_Janis Corona©KaoriSuzuki.jpg","suit"
"096_Janis Corona©KaoriSuzuki.jpg","suit"
"116_Janis Corona©KaoriSuzuki.jpg","suit"
"117_Janis Corona©KaoriSuzuki.jpg","suit"
"118_Janis Corona©KaoriSuzuki.jpg","suit"
"119_Janis Corona©KaoriSuzuki.jpg","suit"
"120_Janis Corona©KaoriSuzuki.jpg","suit"
"121_Janis Corona©KaoriSuzuki.jpg","suit"
"122_Janis Corona©KaoriSuzuki.jpg","suit"
"123_Janis Corona©KaoriSuzuki.jpg","suit"
"124_Janis Corona©KaoriSuzuki.jpg","suit"
"125_Janis Corona©KaoriSuzuki.jpg","suit"
"126_Janis Corona©KaoriSuzuki.jpg","suit"
"127_Janis Corona©KaoriSuzuki.jpg","suit"
"128_Janis Corona©KaoriSuzuki.jpg","suit"
"129_Janis Corona©KaoriSuzuki.jpg","suit"
"130_Janis Corona©KaoriSuzuki.jpg","suit"
"131_Janis Corona©KaoriSuzuki.jpg","suit"
"132_Janis Corona©KaoriSuzuki.jpg","suit"
"133_Janis Corona©KaoriSuzuki.jpg","suit"
"134_Janis Corona©KaoriSuzuki.jpg","suit"
"135_Janis Corona©KaoriSuzuki.jpg","suit"
"136_Janis Corona©KaoriSuzuki.jpg","suit"
"172_Janis Corona©KaoriSuzuki.jpg","suit"
"173_Janis Corona©KaoriSuzuki.jpg","suit"
"174_Janis Corona©KaoriSuzuki.jpg","suit"
"175_Janis Corona©KaoriSuzuki.jpg","suit"
"176_Janis Corona©KaoriSuzuki.jpg","suit"
"177_Janis Corona©KaoriSuzuki.jpg","suit"
"178_Janis Corona©KaoriSuzuki.jpg","suit"
"179_Janis Corona©KaoriSuzuki.jpg","suit"
"180_Janis Corona©KaoriSuzuki.jpg","suit"
"181_Janis Corona©KaoriSuzuki.jpg","suit"
"182_Janis Corona©KaoriSuzuki.jpg","suit"
"183_Janis Corona©KaoriSuzuki.jpg","suit"
"184_Janis Corona©KaoriSuzuki.jpg","suit"
"185_Janis Corona©KaoriSuzuki.jpg","suit"
"186_Janis Corona©KaoriSuzuki.jpg","suit"
"187_Janis Corona©KaoriSuzuki.jpg","suit"
"188_Janis Corona©KaoriSuzuki.jpg","suit"
"189_Janis Corona©KaoriSuzuki.jpg","suit"
"190_Janis Corona©KaoriSuzuki.jpg","suit"
"191_Janis Corona©KaoriSuzuki.jpg","suit"
"192_Janis Corona©KaoriSuzuki.jpg","suit"
"193_Janis Corona©KaoriSuzuki.jpg","suit"
"194_Janis Corona©KaoriSuzuki.jpg","suit"
"195_Janis Corona©KaoriSuzuki.jpg","suit"
"196_Janis Corona©KaoriSuzuki.jpg","suit"
"197_Janis Corona©KaoriSuzuki.jpg","suit"
"198_Janis Corona©KaoriSuzuki.jpg","suit"
"199_Janis Corona©KaoriSuzuki.jpg","suit"
"200_Janis Corona©KaoriSuzuki.jpg","suit"
"201_Janis Corona©KaoriSuzuki.jpg","suit"
"202_Janis Corona©KaoriSuzuki.jpg","suit"
"237_Janis Corona©KaoriSuzuki.jpg","suit"
"238_Janis Corona©KaoriSuzuki.jpg","suit"
"239_Janis Corona©KaoriSuzuki.jpg","suit"
"240_Janis Corona©KaoriSuzuki.jpg","suit"
"241_Janis Corona©KaoriSuzuki.jpg","suit"
"242_Janis Corona©KaoriSuzuki.jpg","suit"
"243_Janis Corona©KaoriSuzuki.jpg","suit"
"244_Janis Corona©KaoriSuzuki.jpg","suit"
"245_Janis Corona©KaoriSuzuki.jpg","suit"
"246_Janis Corona©KaoriSuzuki.jpg","suit"
"247_Janis Corona©KaoriSuzuki.jpg","suit"
"248_Janis Corona©KaoriSuzuki.jpg","suit"
"249_Janis Corona©KaoriSuzuki.jpg","suit"
"250_Janis Corona©KaoriSuzuki.jpg","suit"
"251_Janis Corona©KaoriSuzuki.jpg","suit"
"252_Janis Corona©KaoriSuzuki.jpg","suit"
"253_Janis Corona©KaoriSuzuki.jpg","suit"
"254_Janis Corona©KaoriSuzuki.jpg","suit"
"255_Janis Corona©KaoriSuzuki.jpg","suit"
"256_Janis Corona©KaoriSuzuki.jpg","suit"
"257_Janis Corona©KaoriSuzuki.jpg","suit"
"258_Janis Corona©KaoriSuzuki.jpg","suit"
"259_Janis Corona©KaoriSuzuki.jpg","suit"
"260_Janis Corona©KaoriSuzuki.jpg","suit"
"261_Janis Corona©KaoriSuzuki.jpg","suit"
"262_Janis Corona©KaoriSuzuki.jpg","suit"
"263_Janis Corona©KaoriSuzuki.jpg","suit"
"264_Janis Corona©KaoriSuzuki.jpg","suit"
"265_Janis Corona©KaoriSuzuki.jpg","suit"
"266_Janis Corona©KaoriSuzuki.jpg","suit"
"267_Janis Corona©KaoriSuzuki.jpg","suit"
"268_Janis Corona©KaoriSuzuki.jpg","suit"
"269_Janis Corona©KaoriSuzuki.jpg","suit"
"270_Janis Corona©KaoriSuzuki.jpg","suit"
"271_Janis Corona©KaoriSuzuki.jpg","suit"
"272_Janis Corona©KaoriSuzuki.jpg","suit"
"273_Janis Corona©KaoriSuzuki.jpg","suit"
"274_Janis Corona©KaoriSuzuki.jpg","suit"
"275_Janis Corona©KaoriSuzuki.jpg","suit"
"276_Janis Corona©KaoriSuzuki.jpg","suit"
"277_Janis Corona©KaoriSuzuki.jpg","suit"
"278_Janis Corona©KaoriSuzuki.jpg","suit"
"316_Janis Corona©KaoriSuzuki.jpg","suit"
"317_Janis Corona©KaoriSuzuki.jpg","suit"
"318_Janis Corona©KaoriSuzuki.jpg","suit"
"319_Janis Corona©KaoriSuzuki.jpg","suit"
"320_Janis Corona©KaoriSuzuki.jpg","suit"
"321_Janis Corona©KaoriSuzuki.jpg","suit"
"322_Janis Corona©KaoriSuzuki.jpg","suit"
"323_Janis Corona©KaoriSuzuki.jpg","suit"
"324_Janis Corona©KaoriSuzuki.jpg","suit"
"325_Janis Corona©KaoriSuzuki.jpg","suit"
"326_Janis Corona©KaoriSuzuki.jpg","suit"
"327_Janis Corona©KaoriSuzuki.jpg","suit"
"328_Janis Corona©KaoriSuzuki.jpg","suit"
"329_Janis Corona©KaoriSuzuki.jpg","suit"
"330_Janis Corona©KaoriSuzuki.jpg","suit"
"331_Janis Corona©KaoriSuzuki.jpg","suit"
"332_Janis Corona©KaoriSuzuki.jpg","suit"
"333_Janis Corona©KaoriSuzuki.jpg","suit"
"334_Janis Corona©KaoriSuzuki.jpg","suit"
"335_Janis Corona©KaoriSuzuki.jpg","suit"
"336_Janis Corona©KaoriSuzuki.jpg","suit"
"337_Janis Corona©KaoriSuzuki.jpg","suit"
"338_Janis Corona©KaoriSuzuki.jpg","suit"
