"trainPath","newTrainName","train","type"
"https://github.com/JanJanJan2018/trainCNN","001_Resized.jpg","001_Janis Corona©KaoriSuzuki.jpg","work shirt"
"https://github.com/JanJanJan2018/trainCNN","002_Resized.jpg","002_Janis Corona©KaoriSuzuki.jpg","work shirt"
"https://github.com/JanJanJan2018/trainCNN","003_Resized.jpg","003_Janis Corona©KaoriSuzuki.jpg","suit"
"https://github.com/JanJanJan2018/trainCNN","005_Resized.jpg","005_Janis Corona©KaoriSuzuki.jpg","suit"
"https://github.com/JanJanJan2018/trainCNN","007_Resized.jpg","007_Janis Corona©KaoriSuzuki.jpg","suit"
"https://github.com/JanJanJan2018/trainCNN","008_Resized.jpg","008_Janis Corona©KaoriSuzuki.jpg","suit"
"https://github.com/JanJanJan2018/trainCNN","009_Resized.jpg","009_Janis Corona©KaoriSuzuki.jpg","suit"
"https://github.com/JanJanJan2018/trainCNN","010_Resized.jpg","010_Janis Corona©KaoriSuzuki.jpg","suit"
"https://github.com/JanJanJan2018/trainCNN","011_Resized.jpg","011_Janis Corona©KaoriSuzuki.jpg","suit"
"https://github.com/JanJanJan2018/trainCNN","013_Resized.jpg","013_Janis Corona©KaoriSuzuki.jpg","suit"
"https://github.com/JanJanJan2018/trainCNN","014_Resized.jpg","014_Janis Corona©KaoriSuzuki.jpg","suit"
"https://github.com/JanJanJan2018/trainCNN","015_Resized.jpg","015_Janis Corona©KaoriSuzuki.jpg","suit"
"https://github.com/JanJanJan2018/trainCNN","018_Resized.jpg","018_Janis Corona©KaoriSuzuki.jpg","suit"
"https://github.com/JanJanJan2018/trainCNN","021_Resized.jpg","021_Janis Corona©KaoriSuzuki.jpg","suit"
"https://github.com/JanJanJan2018/trainCNN","022_Resized.jpg","022_Janis Corona©KaoriSuzuki.jpg","suit"
"https://github.com/JanJanJan2018/trainCNN","023_Resized.jpg","023_Janis Corona©KaoriSuzuki.jpg","suit"
"https://github.com/JanJanJan2018/trainCNN","024_Resized.jpg","024_Janis Corona©KaoriSuzuki.jpg","suit"
"https://github.com/JanJanJan2018/trainCNN","025_Resized.jpg","025_Janis Corona©KaoriSuzuki.jpg","suit"
"https://github.com/JanJanJan2018/trainCNN","027_Resized.jpg","027_Janis Corona©KaoriSuzuki.jpg","suit"
"https://github.com/JanJanJan2018/trainCNN","028_Resized.jpg","028_Janis Corona©KaoriSuzuki.jpg","suit"
"https://github.com/JanJanJan2018/trainCNN","029_Resized.jpg","029_Janis Corona©KaoriSuzuki.jpg","suit"
"https://github.com/JanJanJan2018/trainCNN","031_Resized.jpg","031_Janis Corona©KaoriSuzuki.jpg","suit"
"https://github.com/JanJanJan2018/trainCNN","032_Resized.jpg","032_Janis Corona©KaoriSuzuki.jpg","dressy"
"https://github.com/JanJanJan2018/trainCNN","033_Resized.jpg","033_Janis Corona©KaoriSuzuki.jpg","dressy"
"https://github.com/JanJanJan2018/trainCNN","034_Resized.jpg","034_Janis Corona©KaoriSuzuki.jpg","dressy"
"https://github.com/JanJanJan2018/trainCNN","035_Resized.jpg","035_Janis Corona©KaoriSuzuki.jpg","dressy"
"https://github.com/JanJanJan2018/trainCNN","037_Resized.jpg","037_Janis Corona©KaoriSuzuki.jpg","dressy"
"https://github.com/JanJanJan2018/trainCNN","039_Resized.jpg","039_Janis Corona©KaoriSuzuki.jpg","dressy"
"https://github.com/JanJanJan2018/trainCNN","041_Resized.jpg","041_Janis Corona©KaoriSuzuki.jpg","dressy"
"https://github.com/JanJanJan2018/trainCNN","042_Resized.jpg","042_Janis Corona©KaoriSuzuki.jpg","dressy"
"https://github.com/JanJanJan2018/trainCNN","044_Resized.jpg","044_Janis Corona©KaoriSuzuki.jpg","dressy"
"https://github.com/JanJanJan2018/trainCNN","045_Resized.jpg","045_Janis Corona©KaoriSuzuki.jpg","dressy"
"https://github.com/JanJanJan2018/trainCNN","047_Resized.jpg","047_Janis Corona©KaoriSuzuki.jpg","dressy"
"https://github.com/JanJanJan2018/trainCNN","048_Resized.jpg","048_Janis Corona©KaoriSuzuki.jpg","dressy"
"https://github.com/JanJanJan2018/trainCNN","050_Resized.jpg","050_Janis Corona©KaoriSuzuki.jpg","dressy"
"https://github.com/JanJanJan2018/trainCNN","052_Resized.jpg","052_Janis Corona©KaoriSuzuki.jpg","dressy"
"https://github.com/JanJanJan2018/trainCNN","055_Resized.jpg","055_Janis Corona©KaoriSuzuki.jpg","dressy"
"https://github.com/JanJanJan2018/trainCNN","056_Resized.jpg","056_Janis Corona©KaoriSuzuki.jpg","dressy"
"https://github.com/JanJanJan2018/trainCNN","058_Resized.jpg","058_Janis Corona©KaoriSuzuki.jpg","dressy"
"https://github.com/JanJanJan2018/trainCNN","060_Resized.jpg","060_Janis Corona©KaoriSuzuki.jpg","dressy"
"https://github.com/JanJanJan2018/trainCNN","061_Resized.jpg","061_Janis Corona©KaoriSuzuki.jpg","dressy"
"https://github.com/JanJanJan2018/trainCNN","062_Resized.jpg","062_Janis Corona©KaoriSuzuki.jpg","dressy"
"https://github.com/JanJanJan2018/trainCNN","063_Resized.jpg","063_Janis Corona©KaoriSuzuki.jpg","dressy"
"https://github.com/JanJanJan2018/trainCNN","065_Resized.jpg","065_Janis Corona©KaoriSuzuki.jpg","dressy"
"https://github.com/JanJanJan2018/trainCNN","067_Resized.jpg","067_Janis Corona©KaoriSuzuki.jpg","dressy"
"https://github.com/JanJanJan2018/trainCNN","068_Resized.jpg","068_Janis Corona©KaoriSuzuki.jpg","dressy"
"https://github.com/JanJanJan2018/trainCNN","070_Resized.jpg","070_Janis Corona©KaoriSuzuki.jpg","dressy"
"https://github.com/JanJanJan2018/trainCNN","073_Resized.jpg","073_Janis Corona©KaoriSuzuki.jpg","suit"
"https://github.com/JanJanJan2018/trainCNN","074_Resized.jpg","074_Janis Corona©KaoriSuzuki.jpg","suit"
"https://github.com/JanJanJan2018/trainCNN","075_Resized.jpg","075_Janis Corona©KaoriSuzuki.jpg","suit"
"https://github.com/JanJanJan2018/trainCNN","077_Resized.jpg","077_Janis Corona©KaoriSuzuki.jpg","suit"
"https://github.com/JanJanJan2018/trainCNN","079_Resized.jpg","079_Janis Corona©KaoriSuzuki.jpg","suit"
"https://github.com/JanJanJan2018/trainCNN","080_Resized.jpg","080_Janis Corona©KaoriSuzuki.jpg","suit"
"https://github.com/JanJanJan2018/trainCNN","081_Resized.jpg","081_Janis Corona©KaoriSuzuki.jpg","suit"
"https://github.com/JanJanJan2018/trainCNN","082_Resized.jpg","082_Janis Corona©KaoriSuzuki.jpg","suit"
"https://github.com/JanJanJan2018/trainCNN","083_Resized.jpg","083_Janis Corona©KaoriSuzuki.jpg","suit"
"https://github.com/JanJanJan2018/trainCNN","084_Resized.jpg","084_Janis Corona©KaoriSuzuki.jpg","suit"
"https://github.com/JanJanJan2018/trainCNN","085_Resized.jpg","085_Janis Corona©KaoriSuzuki.jpg","suit"
"https://github.com/JanJanJan2018/trainCNN","087_Resized.jpg","087_Janis Corona©KaoriSuzuki.jpg","suit"
"https://github.com/JanJanJan2018/trainCNN","088_Resized.jpg","088_Janis Corona©KaoriSuzuki.jpg","suit"
"https://github.com/JanJanJan2018/trainCNN","090_Resized.jpg","090_Janis Corona©KaoriSuzuki.jpg","suit"
"https://github.com/JanJanJan2018/trainCNN","091_Resized.jpg","091_Janis Corona©KaoriSuzuki.jpg","suit"
"https://github.com/JanJanJan2018/trainCNN","092_Resized.jpg","092_Janis Corona©KaoriSuzuki.jpg","suit"
"https://github.com/JanJanJan2018/trainCNN","093_Resized.jpg","093_Janis Corona©KaoriSuzuki.jpg","suit"
"https://github.com/JanJanJan2018/trainCNN","096_Resized.jpg","096_Janis Corona©KaoriSuzuki.jpg","suit"
"https://github.com/JanJanJan2018/trainCNN","098_Resized.jpg","098_Janis Corona©KaoriSuzuki.jpg","work shirt"
"https://github.com/JanJanJan2018/trainCNN","099_Resized.jpg","099_Janis Corona©KaoriSuzuki.jpg","work shirt"
"https://github.com/JanJanJan2018/trainCNN","102_Resized.jpg","102_Janis Corona©KaoriSuzuki.jpg","work shirt"
"https://github.com/JanJanJan2018/trainCNN","103_Resized.jpg","103_Janis Corona©KaoriSuzuki.jpg","work shirt"
"https://github.com/JanJanJan2018/trainCNN","104_Resized.jpg","104_Janis Corona©KaoriSuzuki.jpg","work shirt"
"https://github.com/JanJanJan2018/trainCNN","110_Resized.jpg","110_Janis Corona©KaoriSuzuki.jpg","work shirt"
"https://github.com/JanJanJan2018/trainCNN","111_Resized.jpg","111_Janis Corona©KaoriSuzuki.jpg","work shirt"
"https://github.com/JanJanJan2018/trainCNN","112_Resized.jpg","112_Janis Corona©KaoriSuzuki.jpg","work shirt"
"https://github.com/JanJanJan2018/trainCNN","113_Resized.jpg","113_Janis Corona©KaoriSuzuki.jpg","work shirt"
"https://github.com/JanJanJan2018/trainCNN","114_Resized.jpg","114_Janis Corona©KaoriSuzuki.jpg","work shirt"
"https://github.com/JanJanJan2018/trainCNN","117_Resized.jpg","117_Janis Corona©KaoriSuzuki.jpg","suit"
"https://github.com/JanJanJan2018/trainCNN","118_Resized.jpg","118_Janis Corona©KaoriSuzuki.jpg","suit"
"https://github.com/JanJanJan2018/trainCNN","120_Resized.jpg","120_Janis Corona©KaoriSuzuki.jpg","suit"
"https://github.com/JanJanJan2018/trainCNN","122_Resized.jpg","122_Janis Corona©KaoriSuzuki.jpg","suit"
"https://github.com/JanJanJan2018/trainCNN","125_Resized.jpg","125_Janis Corona©KaoriSuzuki.jpg","suit"
"https://github.com/JanJanJan2018/trainCNN","126_Resized.jpg","126_Janis Corona©KaoriSuzuki.jpg","suit"
"https://github.com/JanJanJan2018/trainCNN","127_Resized.jpg","127_Janis Corona©KaoriSuzuki.jpg","suit"
"https://github.com/JanJanJan2018/trainCNN","128_Resized.jpg","128_Janis Corona©KaoriSuzuki.jpg","suit"
"https://github.com/JanJanJan2018/trainCNN","129_Resized.jpg","129_Janis Corona©KaoriSuzuki.jpg","suit"
"https://github.com/JanJanJan2018/trainCNN","131_Resized.jpg","131_Janis Corona©KaoriSuzuki.jpg","suit"
"https://github.com/JanJanJan2018/trainCNN","133_Resized.jpg","133_Janis Corona©KaoriSuzuki.jpg","suit"
"https://github.com/JanJanJan2018/trainCNN","134_Resized.jpg","134_Janis Corona©KaoriSuzuki.jpg","suit"
"https://github.com/JanJanJan2018/trainCNN","137_Resized.jpg","137_Janis Corona©KaoriSuzuki.jpg","dressy"
"https://github.com/JanJanJan2018/trainCNN","139_Resized.jpg","139_Janis Corona©KaoriSuzuki.jpg","dressy"
"https://github.com/JanJanJan2018/trainCNN","140_Resized.jpg","140_Janis Corona©KaoriSuzuki.jpg","dressy"
"https://github.com/JanJanJan2018/trainCNN","141_Resized.jpg","141_Janis Corona©KaoriSuzuki.jpg","dressy"
"https://github.com/JanJanJan2018/trainCNN","142_Resized.jpg","142_Janis Corona©KaoriSuzuki.jpg","dressy"
"https://github.com/JanJanJan2018/trainCNN","143_Resized.jpg","143_Janis Corona©KaoriSuzuki.jpg","dressy"
"https://github.com/JanJanJan2018/trainCNN","144_Resized.jpg","144_Janis Corona©KaoriSuzuki.jpg","dressy"
"https://github.com/JanJanJan2018/trainCNN","146_Resized.jpg","146_Janis Corona©KaoriSuzuki.jpg","dressy"
"https://github.com/JanJanJan2018/trainCNN","147_Resized.jpg","147_Janis Corona©KaoriSuzuki.jpg","dressy"
"https://github.com/JanJanJan2018/trainCNN","149_Resized.jpg","149_Janis Corona©KaoriSuzuki.jpg","dressy"
"https://github.com/JanJanJan2018/trainCNN","150_Resized.jpg","150_Janis Corona©KaoriSuzuki.jpg","dressy"
"https://github.com/JanJanJan2018/trainCNN","151_Resized.jpg","151_Janis Corona©KaoriSuzuki.jpg","dressy"
"https://github.com/JanJanJan2018/trainCNN","153_Resized.jpg","153_Janis Corona©KaoriSuzuki.jpg","dressy"
"https://github.com/JanJanJan2018/trainCNN","154_Resized.jpg","154_Janis Corona©KaoriSuzuki.jpg","dressy"
"https://github.com/JanJanJan2018/trainCNN","155_Resized.jpg","155_Janis Corona©KaoriSuzuki.jpg","dressy"
"https://github.com/JanJanJan2018/trainCNN","156_Resized.jpg","156_Janis Corona©KaoriSuzuki.jpg","dressy"
"https://github.com/JanJanJan2018/trainCNN","159_Resized.jpg","159_Janis Corona©KaoriSuzuki.jpg","dressy"
"https://github.com/JanJanJan2018/trainCNN","160_Resized.jpg","160_Janis Corona©KaoriSuzuki.jpg","dressy"
"https://github.com/JanJanJan2018/trainCNN","161_Resized.jpg","161_Janis Corona©KaoriSuzuki.jpg","dressy"
"https://github.com/JanJanJan2018/trainCNN","163_Resized.jpg","163_Janis Corona©KaoriSuzuki.jpg","dressy"
"https://github.com/JanJanJan2018/trainCNN","165_Resized.jpg","165_Janis Corona©KaoriSuzuki.jpg","dressy"
"https://github.com/JanJanJan2018/trainCNN","166_Resized.jpg","166_Janis Corona©KaoriSuzuki.jpg","dressy"
"https://github.com/JanJanJan2018/trainCNN","167_Resized.jpg","167_Janis Corona©KaoriSuzuki.jpg","dressy"
"https://github.com/JanJanJan2018/trainCNN","168_Resized.jpg","168_Janis Corona©KaoriSuzuki.jpg","dressy"
"https://github.com/JanJanJan2018/trainCNN","169_Resized.jpg","169_Janis Corona©KaoriSuzuki.jpg","dressy"
"https://github.com/JanJanJan2018/trainCNN","170_Resized.jpg","170_Janis Corona©KaoriSuzuki.jpg","dressy"
"https://github.com/JanJanJan2018/trainCNN","171_Resized.jpg","171_Janis Corona©KaoriSuzuki.jpg","dressy"
"https://github.com/JanJanJan2018/trainCNN","173_Resized.jpg","173_Janis Corona©KaoriSuzuki.jpg","suit"
"https://github.com/JanJanJan2018/trainCNN","176_Resized.jpg","176_Janis Corona©KaoriSuzuki.jpg","suit"
"https://github.com/JanJanJan2018/trainCNN","177_Resized.jpg","177_Janis Corona©KaoriSuzuki.jpg","suit"
"https://github.com/JanJanJan2018/trainCNN","178_Resized.jpg","178_Janis Corona©KaoriSuzuki.jpg","suit"
"https://github.com/JanJanJan2018/trainCNN","179_Resized.jpg","179_Janis Corona©KaoriSuzuki.jpg","suit"
"https://github.com/JanJanJan2018/trainCNN","180_Resized.jpg","180_Janis Corona©KaoriSuzuki.jpg","suit"
"https://github.com/JanJanJan2018/trainCNN","181_Resized.jpg","181_Janis Corona©KaoriSuzuki.jpg","suit"
"https://github.com/JanJanJan2018/trainCNN","182_Resized.jpg","182_Janis Corona©KaoriSuzuki.jpg","suit"
"https://github.com/JanJanJan2018/trainCNN","185_Resized.jpg","185_Janis Corona©KaoriSuzuki.jpg","suit"
"https://github.com/JanJanJan2018/trainCNN","186_Resized.jpg","186_Janis Corona©KaoriSuzuki.jpg","suit"
"https://github.com/JanJanJan2018/trainCNN","187_Resized.jpg","187_Janis Corona©KaoriSuzuki.jpg","suit"
"https://github.com/JanJanJan2018/trainCNN","188_Resized.jpg","188_Janis Corona©KaoriSuzuki.jpg","suit"
"https://github.com/JanJanJan2018/trainCNN","189_Resized.jpg","189_Janis Corona©KaoriSuzuki.jpg","suit"
"https://github.com/JanJanJan2018/trainCNN","190_Resized.jpg","190_Janis Corona©KaoriSuzuki.jpg","suit"
"https://github.com/JanJanJan2018/trainCNN","191_Resized.jpg","191_Janis Corona©KaoriSuzuki.jpg","suit"
"https://github.com/JanJanJan2018/trainCNN","194_Resized.jpg","194_Janis Corona©KaoriSuzuki.jpg","suit"
"https://github.com/JanJanJan2018/trainCNN","195_Resized.jpg","195_Janis Corona©KaoriSuzuki.jpg","suit"
"https://github.com/JanJanJan2018/trainCNN","196_Resized.jpg","196_Janis Corona©KaoriSuzuki.jpg","suit"
"https://github.com/JanJanJan2018/trainCNN","197_Resized.jpg","197_Janis Corona©KaoriSuzuki.jpg","suit"
"https://github.com/JanJanJan2018/trainCNN","198_Resized.jpg","198_Janis Corona©KaoriSuzuki.jpg","suit"
"https://github.com/JanJanJan2018/trainCNN","200_Resized.jpg","200_Janis Corona©KaoriSuzuki.jpg","suit"
"https://github.com/JanJanJan2018/trainCNN","201_Resized.jpg","201_Janis Corona©KaoriSuzuki.jpg","suit"
"https://github.com/JanJanJan2018/trainCNN","202_Resized.jpg","202_Janis Corona©KaoriSuzuki.jpg","suit"
"https://github.com/JanJanJan2018/trainCNN","204_Resized.jpg","204_Janis Corona©KaoriSuzuki.jpg","dressy"
"https://github.com/JanJanJan2018/trainCNN","205_Resized.jpg","205_Janis Corona©KaoriSuzuki.jpg","dressy"
"https://github.com/JanJanJan2018/trainCNN","206_Resized.jpg","206_Janis Corona©KaoriSuzuki.jpg","dressy"
"https://github.com/JanJanJan2018/trainCNN","208_Resized.jpg","208_Janis Corona©KaoriSuzuki.jpg","dressy"
"https://github.com/JanJanJan2018/trainCNN","212_Resized.jpg","212_Janis Corona©KaoriSuzuki.jpg","dressy"
"https://github.com/JanJanJan2018/trainCNN","213_Resized.jpg","213_Janis Corona©KaoriSuzuki.jpg","dressy"
"https://github.com/JanJanJan2018/trainCNN","216_Resized.jpg","216_Janis Corona©KaoriSuzuki.jpg","dressy"
"https://github.com/JanJanJan2018/trainCNN","217_Resized.jpg","217_Janis Corona©KaoriSuzuki.jpg","dressy"
"https://github.com/JanJanJan2018/trainCNN","218_Resized.jpg","218_Janis Corona©KaoriSuzuki.jpg","dressy"
"https://github.com/JanJanJan2018/trainCNN","219_Resized.jpg","219_Janis Corona©KaoriSuzuki.jpg","dressy"
"https://github.com/JanJanJan2018/trainCNN","220_Resized.jpg","220_Janis Corona©KaoriSuzuki.jpg","dressy"
"https://github.com/JanJanJan2018/trainCNN","221_Resized.jpg","221_Janis Corona©KaoriSuzuki.jpg","dressy"
"https://github.com/JanJanJan2018/trainCNN","222_Resized.jpg","222_Janis Corona©KaoriSuzuki.jpg","dressy"
"https://github.com/JanJanJan2018/trainCNN","223_Resized.jpg","223_Janis Corona©KaoriSuzuki.jpg","dressy"
"https://github.com/JanJanJan2018/trainCNN","224_Resized.jpg","224_Janis Corona©KaoriSuzuki.jpg","dressy"
"https://github.com/JanJanJan2018/trainCNN","227_Resized.jpg","227_Janis Corona©KaoriSuzuki.jpg","dressy"
"https://github.com/JanJanJan2018/trainCNN","228_Resized.jpg","228_Janis Corona©KaoriSuzuki.jpg","dressy"
"https://github.com/JanJanJan2018/trainCNN","230_Resized.jpg","230_Janis Corona©KaoriSuzuki.jpg","dressy"
"https://github.com/JanJanJan2018/trainCNN","232_Resized.jpg","232_Janis Corona©KaoriSuzuki.jpg","dressy"
"https://github.com/JanJanJan2018/trainCNN","234_Resized.jpg","234_Janis Corona©KaoriSuzuki.jpg","dressy"
"https://github.com/JanJanJan2018/trainCNN","235_Resized.jpg","235_Janis Corona©KaoriSuzuki.jpg","dressy"
"https://github.com/JanJanJan2018/trainCNN","236_Resized.jpg","236_Janis Corona©KaoriSuzuki.jpg","dressy"
"https://github.com/JanJanJan2018/trainCNN","237_Resized.jpg","237_Janis Corona©KaoriSuzuki.jpg","suit"
"https://github.com/JanJanJan2018/trainCNN","238_Resized.jpg","238_Janis Corona©KaoriSuzuki.jpg","suit"
"https://github.com/JanJanJan2018/trainCNN","239_Resized.jpg","239_Janis Corona©KaoriSuzuki.jpg","suit"
"https://github.com/JanJanJan2018/trainCNN","240_Resized.jpg","240_Janis Corona©KaoriSuzuki.jpg","suit"
"https://github.com/JanJanJan2018/trainCNN","242_Resized.jpg","242_Janis Corona©KaoriSuzuki.jpg","suit"
"https://github.com/JanJanJan2018/trainCNN","243_Resized.jpg","243_Janis Corona©KaoriSuzuki.jpg","suit"
"https://github.com/JanJanJan2018/trainCNN","245_Resized.jpg","245_Janis Corona©KaoriSuzuki.jpg","suit"
"https://github.com/JanJanJan2018/trainCNN","246_Resized.jpg","246_Janis Corona©KaoriSuzuki.jpg","suit"
"https://github.com/JanJanJan2018/trainCNN","248_Resized.jpg","248_Janis Corona©KaoriSuzuki.jpg","suit"
"https://github.com/JanJanJan2018/trainCNN","249_Resized.jpg","249_Janis Corona©KaoriSuzuki.jpg","suit"
"https://github.com/JanJanJan2018/trainCNN","250_Resized.jpg","250_Janis Corona©KaoriSuzuki.jpg","suit"
"https://github.com/JanJanJan2018/trainCNN","251_Resized.jpg","251_Janis Corona©KaoriSuzuki.jpg","suit"
"https://github.com/JanJanJan2018/trainCNN","252_Resized.jpg","252_Janis Corona©KaoriSuzuki.jpg","suit"
"https://github.com/JanJanJan2018/trainCNN","253_Resized.jpg","253_Janis Corona©KaoriSuzuki.jpg","suit"
"https://github.com/JanJanJan2018/trainCNN","254_Resized.jpg","254_Janis Corona©KaoriSuzuki.jpg","suit"
"https://github.com/JanJanJan2018/trainCNN","255_Resized.jpg","255_Janis Corona©KaoriSuzuki.jpg","suit"
"https://github.com/JanJanJan2018/trainCNN","256_Resized.jpg","256_Janis Corona©KaoriSuzuki.jpg","suit"
"https://github.com/JanJanJan2018/trainCNN","257_Resized.jpg","257_Janis Corona©KaoriSuzuki.jpg","suit"
"https://github.com/JanJanJan2018/trainCNN","259_Resized.jpg","259_Janis Corona©KaoriSuzuki.jpg","suit"
"https://github.com/JanJanJan2018/trainCNN","260_Resized.jpg","260_Janis Corona©KaoriSuzuki.jpg","suit"
"https://github.com/JanJanJan2018/trainCNN","261_Resized.jpg","261_Janis Corona©KaoriSuzuki.jpg","suit"
"https://github.com/JanJanJan2018/trainCNN","262_Resized.jpg","262_Janis Corona©KaoriSuzuki.jpg","suit"
"https://github.com/JanJanJan2018/trainCNN","264_Resized.jpg","264_Janis Corona©KaoriSuzuki.jpg","suit"
"https://github.com/JanJanJan2018/trainCNN","265_Resized.jpg","265_Janis Corona©KaoriSuzuki.jpg","suit"
"https://github.com/JanJanJan2018/trainCNN","266_Resized.jpg","266_Janis Corona©KaoriSuzuki.jpg","suit"
"https://github.com/JanJanJan2018/trainCNN","267_Resized.jpg","267_Janis Corona©KaoriSuzuki.jpg","suit"
"https://github.com/JanJanJan2018/trainCNN","268_Resized.jpg","268_Janis Corona©KaoriSuzuki.jpg","suit"
"https://github.com/JanJanJan2018/trainCNN","273_Resized.jpg","273_Janis Corona©KaoriSuzuki.jpg","suit"
"https://github.com/JanJanJan2018/trainCNN","274_Resized.jpg","274_Janis Corona©KaoriSuzuki.jpg","suit"
"https://github.com/JanJanJan2018/trainCNN","275_Resized.jpg","275_Janis Corona©KaoriSuzuki.jpg","suit"
"https://github.com/JanJanJan2018/trainCNN","276_Resized.jpg","276_Janis Corona©KaoriSuzuki.jpg","suit"
"https://github.com/JanJanJan2018/trainCNN","277_Resized.jpg","277_Janis Corona©KaoriSuzuki.jpg","suit"
"https://github.com/JanJanJan2018/trainCNN","278_Resized.jpg","278_Janis Corona©KaoriSuzuki.jpg","suit"
"https://github.com/JanJanJan2018/trainCNN","279_Resized.jpg","279_Janis Corona©KaoriSuzuki.jpg","work shirt"
"https://github.com/JanJanJan2018/trainCNN","281_Resized.jpg","281_Janis Corona©KaoriSuzuki.jpg","work shirt"
"https://github.com/JanJanJan2018/trainCNN","283_Resized.jpg","283_Janis Corona©KaoriSuzuki.jpg","work shirt"
"https://github.com/JanJanJan2018/trainCNN","286_Resized.jpg","286_Janis Corona©KaoriSuzuki.jpg","work shirt"
"https://github.com/JanJanJan2018/trainCNN","287_Resized.jpg","287_Janis Corona©KaoriSuzuki.jpg","work shirt"
"https://github.com/JanJanJan2018/trainCNN","289_Resized.jpg","289_Janis Corona©KaoriSuzuki.jpg","work shirt"
"https://github.com/JanJanJan2018/trainCNN","290_Resized.jpg","290_Janis Corona©KaoriSuzuki.jpg","work shirt"
"https://github.com/JanJanJan2018/trainCNN","291_Resized.jpg","291_Janis Corona©KaoriSuzuki.jpg","work shirt"
"https://github.com/JanJanJan2018/trainCNN","294_Resized.jpg","294_Janis Corona©KaoriSuzuki.jpg","work shirt"
"https://github.com/JanJanJan2018/trainCNN","295_Resized.jpg","295_Janis Corona©KaoriSuzuki.jpg","work shirt"
"https://github.com/JanJanJan2018/trainCNN","297_Resized.jpg","297_Janis Corona©KaoriSuzuki.jpg","work shirt"
"https://github.com/JanJanJan2018/trainCNN","298_Resized.jpg","298_Janis Corona©KaoriSuzuki.jpg","work shirt"
"https://github.com/JanJanJan2018/trainCNN","299_Resized.jpg","299_Janis Corona©KaoriSuzuki.jpg","work shirt"
"https://github.com/JanJanJan2018/trainCNN","301_Resized.jpg","301_Janis Corona©KaoriSuzuki.jpg","work shirt"
"https://github.com/JanJanJan2018/trainCNN","302_Resized.jpg","302_Janis Corona©KaoriSuzuki.jpg","work shirt"
"https://github.com/JanJanJan2018/trainCNN","303_Resized.jpg","303_Janis Corona©KaoriSuzuki.jpg","work shirt"
"https://github.com/JanJanJan2018/trainCNN","304_Resized.jpg","304_Janis Corona©KaoriSuzuki.jpg","work shirt"
"https://github.com/JanJanJan2018/trainCNN","305_Resized.jpg","305_Janis Corona©KaoriSuzuki.jpg","work shirt"
"https://github.com/JanJanJan2018/trainCNN","306_Resized.jpg","306_Janis Corona©KaoriSuzuki.jpg","work shirt"
"https://github.com/JanJanJan2018/trainCNN","308_Resized.jpg","308_Janis Corona©KaoriSuzuki.jpg","work shirt"
"https://github.com/JanJanJan2018/trainCNN","309_Resized.jpg","309_Janis Corona©KaoriSuzuki.jpg","work shirt"
"https://github.com/JanJanJan2018/trainCNN","310_Resized.jpg","310_Janis Corona©KaoriSuzuki.jpg","work shirt"
"https://github.com/JanJanJan2018/trainCNN","311_Resized.jpg","311_Janis Corona©KaoriSuzuki.jpg","work shirt"
"https://github.com/JanJanJan2018/trainCNN","312_Resized.jpg","312_Janis Corona©KaoriSuzuki.jpg","work shirt"
"https://github.com/JanJanJan2018/trainCNN","313_Resized.jpg","313_Janis Corona©KaoriSuzuki.jpg","work shirt"
"https://github.com/JanJanJan2018/trainCNN","314_Resized.jpg","314_Janis Corona©KaoriSuzuki.jpg","work shirt"
"https://github.com/JanJanJan2018/trainCNN","315_Resized.jpg","315_Janis Corona©KaoriSuzuki.jpg","work shirt"
"https://github.com/JanJanJan2018/trainCNN","316_Resized.jpg","316_Janis Corona©KaoriSuzuki.jpg","suit"
"https://github.com/JanJanJan2018/trainCNN","318_Resized.jpg","318_Janis Corona©KaoriSuzuki.jpg","suit"
"https://github.com/JanJanJan2018/trainCNN","320_Resized.jpg","320_Janis Corona©KaoriSuzuki.jpg","suit"
"https://github.com/JanJanJan2018/trainCNN","321_Resized.jpg","321_Janis Corona©KaoriSuzuki.jpg","suit"
"https://github.com/JanJanJan2018/trainCNN","322_Resized.jpg","322_Janis Corona©KaoriSuzuki.jpg","suit"
"https://github.com/JanJanJan2018/trainCNN","323_Resized.jpg","323_Janis Corona©KaoriSuzuki.jpg","suit"
"https://github.com/JanJanJan2018/trainCNN","324_Resized.jpg","324_Janis Corona©KaoriSuzuki.jpg","suit"
"https://github.com/JanJanJan2018/trainCNN","325_Resized.jpg","325_Janis Corona©KaoriSuzuki.jpg","suit"
"https://github.com/JanJanJan2018/trainCNN","326_Resized.jpg","326_Janis Corona©KaoriSuzuki.jpg","suit"
"https://github.com/JanJanJan2018/trainCNN","327_Resized.jpg","327_Janis Corona©KaoriSuzuki.jpg","suit"
"https://github.com/JanJanJan2018/trainCNN","328_Resized.jpg","328_Janis Corona©KaoriSuzuki.jpg","suit"
"https://github.com/JanJanJan2018/trainCNN","330_Resized.jpg","330_Janis Corona©KaoriSuzuki.jpg","suit"
"https://github.com/JanJanJan2018/trainCNN","331_Resized.jpg","331_Janis Corona©KaoriSuzuki.jpg","suit"
"https://github.com/JanJanJan2018/trainCNN","332_Resized.jpg","332_Janis Corona©KaoriSuzuki.jpg","suit"
"https://github.com/JanJanJan2018/trainCNN","333_Resized.jpg","333_Janis Corona©KaoriSuzuki.jpg","suit"
"https://github.com/JanJanJan2018/trainCNN","334_Resized.jpg","334_Janis Corona©KaoriSuzuki.jpg","suit"
"https://github.com/JanJanJan2018/trainCNN","335_Resized.jpg","335_Janis Corona©KaoriSuzuki.jpg","suit"
"https://github.com/JanJanJan2018/trainCNN","336_Resized.jpg","336_Janis Corona©KaoriSuzuki.jpg","suit"
"https://github.com/JanJanJan2018/trainCNN","338_Resized.jpg","338_Janis Corona©KaoriSuzuki.jpg","suit"
"https://github.com/JanJanJan2018/trainCNN","339_Resized.jpg","339_Janis Corona©KaoriSuzuki.jpg","dressy"
"https://github.com/JanJanJan2018/trainCNN","340_Resized.jpg","340_Janis Corona©KaoriSuzuki.jpg","dressy"
"https://github.com/JanJanJan2018/trainCNN","341_Resized.jpg","341_Janis Corona©KaoriSuzuki.jpg","dressy"
"https://github.com/JanJanJan2018/trainCNN","342_Resized.jpg","342_Janis Corona©KaoriSuzuki.jpg","dressy"
"https://github.com/JanJanJan2018/trainCNN","344_Resized.jpg","344_Janis Corona©KaoriSuzuki.jpg","dressy"
"https://github.com/JanJanJan2018/trainCNN","345_Resized.jpg","345_Janis Corona©KaoriSuzuki.jpg","dressy"
"https://github.com/JanJanJan2018/trainCNN","348_Resized.jpg","348_Janis Corona©KaoriSuzuki.jpg","dressy"
"https://github.com/JanJanJan2018/trainCNN","349_Resized.jpg","349_Janis Corona©KaoriSuzuki.jpg","dressy"
"https://github.com/JanJanJan2018/trainCNN","351_Resized.jpg","351_Janis Corona©KaoriSuzuki.jpg","dressy"
"https://github.com/JanJanJan2018/trainCNN","353_Resized.jpg","353_Janis Corona©KaoriSuzuki.jpg","dressy"
"https://github.com/JanJanJan2018/trainCNN","356_Resized.jpg","356_Janis Corona©KaoriSuzuki.jpg","dressy"
"https://github.com/JanJanJan2018/trainCNN","358_Resized.jpg","358_Janis Corona©KaoriSuzuki.jpg","dressy"
"https://github.com/JanJanJan2018/trainCNN","359_Resized.jpg","359_Janis Corona©KaoriSuzuki.jpg","dressy"
"https://github.com/JanJanJan2018/trainCNN","360_Resized.jpg","360_Janis Corona©KaoriSuzuki.jpg","dressy"
"https://github.com/JanJanJan2018/trainCNN","361_Resized.jpg","361_Janis Corona©KaoriSuzuki.jpg","dressy"
"https://github.com/JanJanJan2018/trainCNN","362_Resized.jpg","362_Janis Corona©KaoriSuzuki.jpg","dressy"
"https://github.com/JanJanJan2018/trainCNN","363_Resized.jpg","363_Janis Corona©KaoriSuzuki.jpg","dressy"
"https://github.com/JanJanJan2018/trainCNN","364_Resized.jpg","364_Janis Corona©KaoriSuzuki.jpg","dressy"
"https://github.com/JanJanJan2018/trainCNN","365_Resized.jpg","365_Janis Corona©KaoriSuzuki.jpg","dressy"
"https://github.com/JanJanJan2018/trainCNN","367_Resized.jpg","367_Janis Corona©KaoriSuzuki.jpg","dressy"
"https://github.com/JanJanJan2018/trainCNN","368_Resized.jpg","368_Janis Corona©KaoriSuzuki.jpg","dressy"
"https://github.com/JanJanJan2018/trainCNN","370_Resized.jpg","370_Janis Corona©KaoriSuzuki.jpg","dressy"
"https://github.com/JanJanJan2018/trainCNN","372_Resized.jpg","372_Janis Corona©KaoriSuzuki.jpg","dressy"
"https://github.com/JanJanJan2018/trainCNN","374_Resized.jpg","374_Janis Corona©KaoriSuzuki.jpg","dressy"
"https://github.com/JanJanJan2018/trainCNN","375_Resized.jpg","375_Janis Corona©KaoriSuzuki.jpg","dressy"
"https://github.com/JanJanJan2018/trainCNN","376_Resized.jpg","376_Janis Corona©KaoriSuzuki.jpg","dressy"
"https://github.com/JanJanJan2018/trainCNN","377_Resized.jpg","377_Janis Corona©KaoriSuzuki.jpg","dressy"
"https://github.com/JanJanJan2018/trainCNN","379_Resized.jpg","379_Janis Corona©KaoriSuzuki.jpg","dressy"
"https://github.com/JanJanJan2018/trainCNN","380_Resized.jpg","380_Janis Corona©KaoriSuzuki.jpg","dressy"
"https://github.com/JanJanJan2018/trainCNN","381_Resized.jpg","381_Janis Corona©KaoriSuzuki.jpg","dressy"
"https://github.com/JanJanJan2018/trainCNN","382_Resized.jpg","382_Janis Corona©KaoriSuzuki.jpg","dressy"
"https://github.com/JanJanJan2018/trainCNN","384_Resized.jpg","384_Janis Corona©KaoriSuzuki.jpg","dressy"
"https://github.com/JanJanJan2018/trainCNN","388_Resized.jpg","388_Janis Corona©KaoriSuzuki.jpg","dressy"
"https://github.com/JanJanJan2018/trainCNN","389_Resized.jpg","389_Janis Corona©KaoriSuzuki.jpg","dressy"
"https://github.com/JanJanJan2018/trainCNN","390_Resized.jpg","390_Janis Corona©KaoriSuzuki.jpg","dressy"
